Workbook

Sheet Tabelle
C1: Tyre Performance Evaluation Report | G1: Tech Center RPSCOE,Mysore
A2: Subject Ride & Handling Dry Performance Test - Summary
A5: Report - Nr.: | C5: NA | G5: Date : | H5: 46217
A7: Date of test : | C7: 46217
A9: Test vehicle : | C9: Mahindra Bolero Sports Odo - 10139kms U171 (Vehicle Id F37)
A11: Test tyre size : | C11: 235/60R18
A13: Test sets : | C13: MY6 | D13: JK Tyre | F13: Ranger HP s | G13: 103H | H13: 1826
C15: MX1 | D15: JK Tyre | F15: Ranger HP s | G15: 103H | H15: 1826
C17: MW1 | D17: JK Tyre | F17: Ranger HP s | G17: 103H
C19: MW2 | D19: JK Tyre | F19: Ranger HP s | G19: 103H
A28: Test performed : | C28: Subjective Handling Dry test
A32: Proving ground : | C32: MSPT,Chennai
A34: Inflation pressure : | C34: FA: | D34: 32 | E34: RA: | F34: 32 | G34: PSI
A37: Rim : | C37: 7.0 J x 18(Alloy Rims)
A39: Test equipment : | C39: Pressure Gauge
A41: Report done by: | C41: Kamlendra

Sheet dryhandling1
I1: R&H Subjective Tyre Evaluation Sheet Tech Center-RPSCOE,Mysore
A2: Dry Test | B2: Test Track: | C2: =Tabelle!C32 -> MSPT,Chennai | E2: Driver 1: | G2: Kamlendra | I2: Tyre Size: | K2: =IF(Tabelle!C11="","",Tabelle!C11) -> 235/60R18 | M2: Pressure FA: | O2: =IF(Tabelle!D34="","",Tabelle!D34) -> 32 | P2: PSI | Q2: Date: | S2: =Tabelle!H5 -> 46217
I3: Rim Size: | K3: =IF(Tabelle!C37="","",Tabelle!C37) -> 7.0 J x 18(Alloy Rims) | M3: Pressure RA: | O3: =IF(Tabelle!F34="","",Tabelle!F34) -> 32 | P3: PSI | Q3: Load of Car: | S3: Driver+1(F1R1)
E4: Set A | I4: Set B | M4: Set C | Q4: Set D
B5: Report Nr.: | C5: =IF(Tabelle!C5="","",Tabelle!C5) -> NA | E5: =IF(Tabelle!D13="","",Tabelle!D13) -> JK Tyre | I5: =IF(Tabelle!D15="","",Tabelle!D15) -> JK Tyre | M5: =IF(Tabelle!D17="","",Tabelle!D17) -> JK Tyre | Q5: =Tabelle!D19 -> JK Tyre
B6: Tire Set Nr.: | E6: =IF(Tabelle!C13="","",Tabelle!C13) -> MY6 | I6: =IF(Tabelle!C15="","",Tabelle!C15) -> MX1 | M6: =IF(Tabelle!C17="","",Tabelle!C17) -> MW1 | Q6: =Tabelle!C19 -> MW2
B7: Compound | C7: DOT | E7: =Tabelle!G13 -> 103H | H7: =Tabelle!H13 -> 1826 | I7: =Tabelle!G15 -> 103H | L7: =Tabelle!H15 -> 1826 | M7: =Tabelle!G17 -> 103H | P7: =Tabelle!H17 -> 0 | Q7: =Tabelle!G19 -> 103H | T7: =Tabelle!H19 -> 0
B8: Pattern | E8: =IF(Tabelle!F13="","",Tabelle!F13) -> Ranger HP s | I8: =IF(Tabelle!F15="","",Tabelle!F15) -> Ranger HP s | M8: =IF(Tabelle!F17="","",Tabelle!F17) -> Ranger HP s | Q8: =Tabelle!F19 -> Ranger HP s
B9: Temp. Air °C | C9: Temp. Road °C | E9: 36 | I9: 35 | M9: 37 | Q9: 36
B10: Subjective Ride & Handling Format
A11: Ride | B11: Ride-Vibrations & Noise | D11: Weight
B12: Basic ride (Pitch/bounce/Roll work/Head toss/Flat) | D12: 0.1 | E12: 7 | F12: Flat ride is ok | I12: 7.25 | J12: Slight less bounce and good flat ride | M12: 7 | N12: Flat ride is ok | Q12: 7 | R12: Flat ride is ok
B13: Harshness (Impact shock/Damping/Acoustic) | D13: 0.4 | E13: 7.25 | F13: Slight better impact shock,level is less and more rounded | I13: 7 | J13: Slight hard shock but ok | M13: 7 | N13: ok | Q13: 6.75 | R13: Slight harsh on rough road and single impact,damping ok
B14: Enveloping (Vertical absorbtion & firmness/Damping/Rough | D14: 0.3 | E14: 7.25 | F14: Slight less overall on rough road | I14: 7 | J14: Good enevoloping | M14: 7 | Q14: 7
B15: Roughness (Shake/Rolling comfort/Coarse feel/Choppy/busy) | D15: 0.2 | E15: 6.75 | F15: Slight more busy feel and aftershake on rough road | I15: 7.25 | J15: Slight less aftershake | M15: 7 | Q15: 7
B16: Floor vibration (rough road @ 40 KPH) | E16: 7 | F16: ok | I16: 7 | J16: ok | M16: 7 | Q16: 7 | R16: ok
B17: Steering vibrations | E17: 7 | F17: ok | I17: 7 | J17: ok | M17: 7 | Q17: 7
B18: Average | E18: =AVERAGE(E12:E17) -> 7.0416667 | I18: =AVERAGE(I12:I17) -> 7.0833333 | M18: 7 | Q18: =AVERAGE(Q12:Q17) -> 6.9583333
A19: Handling | B19: Handling Dry Surface
B20: Balance-Front/Rear (US or OS/Linearity/Tire squeal) | D20: 0.2 | E20: 7 | F20: Tyre squeal is less ,balance is ok | I20: 7 | J20: Slight more u/s | M20: 7 | Q20: 7
B21: Yaw control (Response/Damping/Firmness/Overshoot) | D21: 0.2 | E21: 6.75 | F21: Yaw gain is low,response is ok | I21: 6.5 | J21: Initial delay is more ,low yaw gain | M21: 6.5 | N21: Slight initial delay | Q21: 7
B22: Roll control (Amount/Speed/Damping/Recovery) | D22: 0.1 | E22: 7 | F22: Roll level is less ,damping ok | I22: 7 | J22: ok | M22: 7 | N22: ok | Q22: 7 | R22: Less roll level and ok damping
B23: High speed stability (Wandering/Straight stability/Drift & Braking pull) | D23: 0.1 | E23: 7 | F23: ok | I23: 7 | J23: ok | M23: 7 | Q23: 7
B24: Road holding (Lateral grip/Firmness & Stiffness) | D24: 0.3 | E24: 7 | F24: ok | I24: 7 | J24: ok | M24: 7 | Q24: 7
B25: Stability at limit (Brake in a turn/Lift throttle/Lane change/Slalom) | D25: 0.1 | E25: 6.5 | F25: Brake In turn is inferior at 90kmph and above | I25: 7 | J25: Good | M25: 6.5 | N25: Brake in turn inferior ,vehicle tuck inside | Q25: 7
B26: Average | E26: =AVERAGE(E20:E25) -> 6.875 | I26: =AVERAGE(I20:I25) -> 6.9166667 | M26: =AVERAGE(M20:M25) -> 6.8333333 | Q26: =AVERAGE(Q20:Q25) -> 7
A27: Steering | B27: Steering
B28: On center feel (Response/Self centering/Stiffness/Dead band) | D28: 0.3 | E28: 6.75 | F28: Slight big dead band ,stiffness is ok | I28: 6.5 | J28: ON center window is big ,stiffness is ok | M28: 6.75 | Q28: 7 | R28: Good stiffness and less dead band
B29: Off center feel (response/Linearity/Torque build-up/Effort) | D29: 0.2 | E29: 7 | F29: Overall effort is less but ok | I29: 7 | J29: ok overall less effort | M29: 6.75 | N29: light and less build up overall | Q29: 7 | R29: Good torque build up and connected feel
B30: Precision/Feedback | D30: 0.3 | E30: 6.75 | I30: 6.5 | J30: less precise | M30: 7 | Q30: 7
B31: Returnability (Steering wheel angle 30/60/90/180˚) | D31: 0.1 | E31: 7 | F31: ok | I31: 7 | M31: 7 | Q31: 7
B32: Effort (Parking/City/High way) | D32: 0.1 | E32: 7 | F32: Overall less | I32: 6.75 | J32: ok | M32: 6.75 | N32: light overall | Q32: 7 | R32: Slight more overall but ok
B33: Average
A34: Noise & Vibration | B34: NVH
B35: Rolling Noise (Pattern / Cavity) | E35: 7 | F35: ok | I35: 7 | M35: 7 | Q35: 6.75 | R35: Slight more
B36: Squeal noise | E36: 7 | F36: ok | I36: 7 | M36: 7 | Q36: 7 | R36: ok
B37: Average | E37: =AVERAGE(E35:E36) -> 7 | I37: =AVERAGE(I35:I36) -> 7 | M37: =AVERAGE(M35:M36) -> 7 | Q37: =AVERAGE(Q35:Q36) -> 6.875
B38: Total Average | E38: =AVERAGE(E37,E26,E18,E33) -> 6.9722222 | I38: =AVERAGE(I37,I26,I18) -> 7 | M38: =AVERAGE(M37,M26,M18) -> 6.9444444 | Q38: =AVERAGE(Q37,Q26,Q18) -> 6.9444444
A39: Overall Comments | E39: OK in R&H | I39: Ok in ride inferior insteering | M39: Similar to My6 except brake in turn | Q39: ok
M40: s

Sheet dryhandling2
I1: R&H Subjective Tyre Evaluation Sheet Tech Center-RPSCOE,Mysore
A2: Dry Test | B2: Test Track: | C2: =Tabelle!C32 -> MSPT,Chennai | E2: Driver 1: | G2: Kamlendra | I2: Tyre Size: | K2: =IF(Tabelle!C11="","",Tabelle!C11) -> 235/60R18 | M2: Pressure FA: | O2: =IF(Tabelle!D34="","",Tabelle!D34) -> 32 | P2: PSI | Q2: Date: | S2: =Tabelle!H5 -> 46217
I3: Rim Size: | K3: =IF(Tabelle!C37="","",Tabelle!C37) -> 7.0 J x 18(Alloy Rims) | M3: Pressure RA: | O3: =IF(Tabelle!F34="","",Tabelle!F34) -> 32 | P3: PSI | Q3: Load of Car: | S3: Driver+1(F1R1)
E4: Set A | I4: Set B | M4: Set C | Q4: Set D
B5: Report Nr.: | C5: =IF(Tabelle!C5="","",Tabelle!C5) -> NA | E5: =IF(Tabelle!D13="","",Tabelle!D13) -> JK Tyre | I5: =IF(Tabelle!D15="","",Tabelle!D15) -> JK Tyre | M5: =IF(Tabelle!D17="","",Tabelle!D17) -> JK Tyre | Q5: =Tabelle!D19 -> JK Tyre
B6: Tire Set Nr.: | E6: =IF(Tabelle!C13="","",Tabelle!C13) -> MY6 | I6: =IF(Tabelle!C21="","",Tabelle!C21) | M6: =IF(Tabelle!C23="","",Tabelle!C23) | Q6: =Tabelle!C25 -> 0
B7: Compound | C7: DOT | E7: =Tabelle!G13 -> 103H | H7: =Tabelle!H13 -> 1826 | I7: =Tabelle!G15 -> 103H | L7: =Tabelle!H15 -> 1826 | M7: =Tabelle!G17 -> 103H | P7: =Tabelle!H17 -> 0 | Q7: =Tabelle!G19 -> 103H | T7: =Tabelle!H19 -> 0
B8: Pattern | E8: =IF(Tabelle!F13="","",Tabelle!F13) -> Ranger HP s | I8: =IF(Tabelle!F15="","",Tabelle!F15) -> Ranger HP s | M8: =IF(Tabelle!F17="","",Tabelle!F17) -> Ranger HP s | Q8: =Tabelle!F19 -> Ranger HP s
B9: Temp. Air °C | C9: Temp. Road °C | E9: 36 | I9: 36 | M9: 37 | Q9: 36
B10: Subjective Ride & Handling Format
A11: Ride | B11: Ride-Vibrations & Noise | D11: Weight
B12: Basic ride (Pitch/bounce/Roll work/Head toss/Flat) | D12: 0.1
B13: Harshness (Impact shock/Damping/Acoustic) | D13: 0.4
B14: Enveloping (Vertical absorbtion & firmness/Damping/Rough | D14: 0.3
B15: Roughness (Shake/Rolling comfort/Coarse feel/Choppy/busy) | D15: 0.2
B16: Floor vibration (rough road @ 40 KPH)
B17: Steering vibrations
B18: Average | E18: =AVERAGE(E12:E17) -> #DIV/0! | I18: =AVERAGE(I12:I17) -> #DIV/0! | M18: =AVERAGE(M12:M17) -> #DIV/0! | Q18: =AVERAGE(Q12:Q17) -> #DIV/0!
A19: Handling | B19: Handling Dry Surface
B20: Balance-Front/Rear (US or OS/Linearity/Tire squeal) | D20: 0.2
B21: Yaw control (Response/Damping/Firmness/Overshoot) | D21: 0.2
B22: Roll control (Amount/Speed/Damping/Recovery) | D22: 0.1
B23: High speed stability (Wandering/Straight stability/Drift & Braking pull) | D23: 0.1
B24: Road holding (Lateral grip/Firmness & Stiffness) | D24: 0.3
B25: Stability at limit (Brake in a turn/Lift throttle/Lane change/Slalom) | D25: 0.1
B26: Average | E26: =AVERAGE(E20:E25) -> #DIV/0! | I26: =AVERAGE(I20:I25) -> #DIV/0! | M26: =AVERAGE(M20:M25) -> #DIV/0! | Q26: =AVERAGE(Q20:Q25) -> #DIV/0!
A27: Steering | B27: Steering
B28: On center feel (Response/Self centering/Stiffness/Dead band) | D28: 0.3
B29: Off center feel (response/Linearity/Torque build-up/Effort) | D29: 0.2
B30: Precision/Feedback | D30: 0.3
B31: Returnability (Steering wheel angle 30/60/90/180˚) | D31: 0.1
B32: Effort (Parking/City/High way) | D32: 0.1
B33: Average | E33: =AVERAGE(E28:E32) -> #DIV/0! | I33: =AVERAGE(I28:I32) -> #DIV/0! | M33: =AVERAGE(M28:M32) -> #DIV/0! | Q33: =AVERAGE(Q28:Q32) -> #DIV/0!
A34: Noise & Vibration | B34: NVH
B35: Rolling Noise (Pattern / Cavity)
B36: Squeal noise
B37: Average | E37: =AVERAGE(E35:E36) -> #DIV/0! | I37: =AVERAGE(I35:I36) -> #DIV/0! | M37: =AVERAGE(M35:M36) -> #DIV/0! | Q37: =AVERAGE(Q35:Q36) -> #DIV/0!
B38: Total Average | E38: =AVERAGE(E37,E26,E18) -> #DIV/0! | I38: =AVERAGE(I37,I26,I18,I33) -> #DIV/0! | M38: =AVERAGE(M37,M26,M18) -> #DIV/0! | Q38: =AVERAGE(Q37,Q26,Q18) -> #DIV/0!

Sheet Description
A4: Subjective handling, rating and description
H5: 46182
A8: Rating
A10: 10 Points | B10: excellent | D10: OE submission
A11: 9 Points | B11: very good
A12: 8 Points | B12: good
A13: 7 Points | B13: satisfactory | D13: replacement
A14: 6 Points | B14: Acceptable
A15: 5 Points | B15: improvement necessary | D15: improvement necessary
A16: 4 Points | B16: bad
A17: 3 Points | B17: very bad
A24: Wethandling: | B24: Groups should by limited up to max 5-6 sets
A27: Dryhandling: | B27: Groups with more than 4 sets, must by driven partly up to max 4 sets.
B28: Finaly you have to check the best sets in a final group.
B29: One Test, max up to 3 groups.
